{"error": false, "size": [1920, 1080], "name": "5 Nuances de JV", "version": "1.0", "location": {"label": {"start": ["game/script.rpy", 21]}, "define": {"gui.accent_color": ["game/gui.rpy", 27], "gui.idle_color": ["game/gui.rpy", 31], "gui.idle_small_color": ["game/gui.rpy", 35], "gui.hover_color": ["game/gui.rpy", 38], "gui.selected_color": ["game/gui.rpy", 43], "gui.insensitive_color": ["game/gui.rpy", 47], "gui.muted_color": ["game/gui.rpy", 52], "gui.hover_muted_color": ["game/gui.rpy", 53], "gui.text_color": ["game/gui.rpy", 56], "gui.interface_text_color": ["game/gui.rpy", 57], "gui.text_font": ["game/gui.rpy", 63], "gui.name_text_font": ["game/gui.rpy", 66], "gui.interface_text_font": ["game/gui.rpy", 69], "gui.text_size": ["game/gui.rpy", 72], "gui.name_text_size": ["game/gui.rpy", 75], "gui.interface_text_size": ["game/gui.rpy", 78], "gui.label_text_size": ["game/gui.rpy", 81], "gui.notify_text_size": ["game/gui.rpy", 84], "gui.title_text_size": ["game/gui.rpy", 87], "gui.main_menu_background": ["game/gui.rpy", 93], "gui.game_menu_background": ["game/gui.rpy", 94], "gui.textbox_height": ["game/gui.rpy", 103], "gui.textbox_yalign": ["game/gui.rpy", 107], "gui.name_xpos": ["game/gui.rpy", 113], "gui.name_ypos": ["game/gui.rpy", 114], "gui.name_xalign": ["game/gui.rpy", 118], "gui.namebox_width": ["game/gui.rpy", 122], "gui.namebox_height": ["game/gui.rpy", 123], "gui.namebox_borders": ["game/gui.rpy", 127], "gui.namebox_tile": ["game/gui.rpy", 131], "gui.dialogue_xpos": ["game/gui.rpy", 136], "gui.dialogue_ypos": ["game/gui.rpy", 137], "gui.dialogue_width": ["game/gui.rpy", 140], "gui.dialogue_text_xalign": ["game/gui.rpy", 145], "gui.button_width": ["game/gui.rpy", 155], "gui.button_height": ["game/gui.rpy", 156], "gui.button_borders": ["game/gui.rpy", 160], "gui.button_tile": ["game/gui.rpy", 164], "gui.button_text_font": ["game/gui.rpy", 167], "gui.button_text_size": ["game/gui.rpy", 170], "gui.button_text_idle_color": ["game/gui.rpy", 173], "gui.button_text_hover_color": ["game/gui.rpy", 174], "gui.button_text_selected_color": ["game/gui.rpy", 175], "gui.button_text_insensitive_color": ["game/gui.rpy", 176], "gui.button_text_xalign": ["game/gui.rpy", 180], "gui.radio_button_borders": ["game/gui.rpy", 189], "gui.check_button_borders": ["game/gui.rpy", 191], "gui.confirm_button_text_xalign": ["game/gui.rpy", 193], "gui.page_button_borders": ["game/gui.rpy", 195], "gui.quick_button_borders": ["game/gui.rpy", 197], "gui.quick_button_text_size": ["game/gui.rpy", 198], "gui.quick_button_text_idle_color": ["game/gui.rpy", 199], "gui.quick_button_text_selected_color": ["game/gui.rpy", 200], "gui.choice_button_width": ["game/gui.rpy", 214], "gui.choice_button_height": ["game/gui.rpy", 215], "gui.choice_button_tile": ["game/gui.rpy", 216], "gui.choice_button_borders": ["game/gui.rpy", 217], "gui.choice_button_text_font": ["game/gui.rpy", 218], "gui.choice_button_text_size": ["game/gui.rpy", 219], "gui.choice_button_text_xalign": ["game/gui.rpy", 220], "gui.choice_button_text_idle_color": ["game/gui.rpy", 221], "gui.choice_button_text_hover_color": ["game/gui.rpy", 222], "gui.choice_button_text_insensitive_color": ["game/gui.rpy", 223], "gui.slot_button_width": ["game/gui.rpy", 234], "gui.slot_button_height": ["game/gui.rpy", 235], "gui.slot_button_borders": ["game/gui.rpy", 236], "gui.slot_button_text_size": ["game/gui.rpy", 237], "gui.slot_button_text_xalign": ["game/gui.rpy", 238], "gui.slot_button_text_idle_color": ["game/gui.rpy", 239], "gui.slot_button_text_selected_idle_color": ["game/gui.rpy", 240], "gui.slot_button_text_selected_hover_color": ["game/gui.rpy", 241], "config.thumbnail_width": ["game/gui.rpy", 245], "config.thumbnail_height": ["game/gui.rpy", 246], "gui.file_slot_cols": ["game/gui.rpy", 250], "gui.file_slot_rows": ["game/gui.rpy", 251], "gui.navigation_xpos": ["game/gui.rpy", 261], "gui.skip_ypos": ["game/gui.rpy", 264], "gui.notify_ypos": ["game/gui.rpy", 267], "gui.choice_spacing": ["game/gui.rpy", 270], "gui.navigation_spacing": ["game/gui.rpy", 273], "gui.pref_spacing": ["game/gui.rpy", 276], "gui.pref_button_spacing": ["game/gui.rpy", 279], "gui.page_spacing": ["game/gui.rpy", 282], "gui.slot_spacing": ["game/gui.rpy", 285], "gui.main_menu_text_xalign": ["game/gui.rpy", 288], "gui.frame_borders": ["game/gui.rpy", 298], "gui.confirm_frame_borders": ["game/gui.rpy", 301], "gui.skip_frame_borders": ["game/gui.rpy", 304], "gui.notify_frame_borders": ["game/gui.rpy", 307], "gui.frame_tile": ["game/gui.rpy", 310], "gui.bar_size": ["game/gui.rpy", 324], "gui.scrollbar_size": ["game/gui.rpy", 325], "gui.slider_size": ["game/gui.rpy", 326], "gui.bar_tile": ["game/gui.rpy", 330], "gui.scrollbar_tile": ["game/gui.rpy", 331], "gui.slider_tile": ["game/gui.rpy", 332], "gui.bar_borders": ["game/gui.rpy", 335], "gui.scrollbar_borders": ["game/gui.rpy", 336], "gui.slider_borders": ["game/gui.rpy", 337], "gui.vbar_borders": ["game/gui.rpy", 340], "gui.vscrollbar_borders": ["game/gui.rpy", 341], "gui.vslider_borders": ["game/gui.rpy", 342], "gui.unscrollable": ["game/gui.rpy", 346], "config.history_length": ["game/gui.rpy", 354], "gui.history_height": ["game/gui.rpy", 358], "gui.history_name_xpos": ["game/gui.rpy", 362], "gui.history_name_ypos": ["game/gui.rpy", 363], "gui.history_name_width": ["game/gui.rpy", 364], "gui.history_name_xalign": ["game/gui.rpy", 365], "gui.history_text_xpos": ["game/gui.rpy", 368], "gui.history_text_ypos": ["game/gui.rpy", 369], "gui.history_text_width": ["game/gui.rpy", 370], "gui.history_text_xalign": ["game/gui.rpy", 371], "gui.nvl_borders": ["game/gui.rpy", 380], "gui.nvl_list_length": ["game/gui.rpy", 384], "gui.nvl_height": ["game/gui.rpy", 388], "gui.nvl_spacing": ["game/gui.rpy", 392], "gui.nvl_name_xpos": ["game/gui.rpy", 396], "gui.nvl_name_ypos": ["game/gui.rpy", 397], "gui.nvl_name_width": ["game/gui.rpy", 398], "gui.nvl_name_xalign": ["game/gui.rpy", 399], "gui.nvl_text_xpos": ["game/gui.rpy", 402], "gui.nvl_text_ypos": ["game/gui.rpy", 403], "gui.nvl_text_width": ["game/gui.rpy", 404], "gui.nvl_text_xalign": ["game/gui.rpy", 405], "gui.nvl_thought_xpos": ["game/gui.rpy", 409], "gui.nvl_thought_ypos": ["game/gui.rpy", 410], "gui.nvl_thought_width": ["game/gui.rpy", 411], "gui.nvl_thought_xalign": ["game/gui.rpy", 412], "gui.nvl_button_xpos": ["game/gui.rpy", 415], "gui.nvl_button_xalign": ["game/gui.rpy", 416], "gui.language": ["game/gui.rpy", 425], "quick_menu": ["game/screens.rpy", 267], "gui.history_allow_tags": ["game/screens.rpy", 920], "config.nvl_list_length": ["game/screens.rpy", 1352], "config.name": ["game/options.rpy", 18], "gui.show_name": ["game/options.rpy", 24], "config.version": ["game/options.rpy", 29], "gui.about": ["game/options.rpy", 35], "build.name": ["game/options.rpy", 43], "config.has_sound": ["game/options.rpy", 52], "config.has_music": ["game/options.rpy", 53], "config.has_voice": ["game/options.rpy", 54], "config.enter_transition": ["game/options.rpy", 80], "config.exit_transition": ["game/options.rpy", 81], "config.intra_transition": ["game/options.rpy", 86], "config.after_load_transition": ["game/options.rpy", 91], "config.end_game_transition": ["game/options.rpy", 96], "config.window": ["game/options.rpy", 114], "config.window_show_transition": ["game/options.rpy", 119], "config.window_hide_transition": ["game/options.rpy", 120], "config.save_directory": ["game/options.rpy", 153], "config.window_icon": ["game/options.rpy", 160], "Alan": ["game/script.rpy", 7], "Clement": ["game/script.rpy", 8], "Juliette": ["game/script.rpy", 9], "Nico": ["game/script.rpy", 10], "Nayle": ["game/script.rpy", 11], "Samuel": ["game/script.rpy", 12], "Natael": ["game/script.rpy", 13], "Theo": ["game/script.rpy", 14], "Guenole": ["game/script.rpy", 15], "Lisa": ["game/script.rpy", 16], "Liam": ["game/script.rpy", 17], "Cameraman": ["game/script.rpy", 18]}, "screen": {"say": ["game/screens.rpy", 98], "input": ["game/screens.rpy", 175], "choice": ["game/screens.rpy", 208], "quick_menu": ["game/screens.rpy", 1422], "navigation": ["game/screens.rpy", 288], "main_menu": ["game/screens.rpy", 352], "game_menu": ["game/screens.rpy", 417], "about": ["game/screens.rpy", 544], "save": ["game/screens.rpy", 585], "load": ["game/screens.rpy", 592], "file_slots": ["game/screens.rpy", 599], "preferences": ["game/screens.rpy", 715], "history": ["game/screens.rpy", 876], "help": ["game/screens.rpy", 968], "keyboard_help": ["game/screens.rpy", 997], "mouse_help": ["game/screens.rpy", 1048], "gamepad_help": ["game/screens.rpy", 1071], "confirm": ["game/screens.rpy", 1137], "skip_indicator": ["game/screens.rpy", 1202], "notify": ["game/screens.rpy", 1260], "nvl": ["game/screens.rpy", 1299], "nvl_dialogue": ["game/screens.rpy", 1331]}, "transform": {"delayed_blink": ["game/screens.rpy", 1221], "notify_appear": ["game/screens.rpy", 1271]}, "callable": {"touch": ["game/gui.rpy", 436], "small": ["game/gui.rpy", 443]}}, "build": {"directory_name": "5NuancesdeJV-1.0", "executable_name": "5NuancesdeJV", "include_update": false, "packages": [{"name": "pc", "formats": ["zip"], "file_lists": ["windows", "linux", "renpy", "all"], "description": "PC: Windows and Linux", "update": true, "dlc": false, "hidden": false}, {"name": "linux", "formats": ["tar.bz2"], "file_lists": ["linux", "linux_arm", "renpy", "all"], "description": "Linux", "update": true, "dlc": false, "hidden": false}, {"name": "mac", "formats": ["app-zip", "app-dmg"], "file_lists": ["mac", "renpy", "all"], "description": "Macintosh", "update": true, "dlc": false, "hidden": false}, {"name": "win", "formats": ["zip"], "file_lists": ["windows", "renpy", "all"], "description": "Windows", "update": true, "dlc": false, "hidden": false}, {"name": "market", "formats": ["bare-zip"], "file_lists": ["windows", "linux", "mac", "renpy", "all"], "description": "Windows, Mac, Linux for Markets", "update": true, "dlc": false, "hidden": false}, {"name": "steam", "formats": ["zip"], "file_lists": ["windows", "linux", "mac", "renpy", "all"], "description": "steam", "update": true, "dlc": false, "hidden": true}, {"name": "android", "formats": ["directory"], "file_lists": ["android", "all"], "description": "android", "update": false, "dlc": true, "hidden": true}, {"name": "ios", "formats": ["directory"], "file_lists": ["ios", "all"], "description": "ios", "update": false, "dlc": true, "hidden": true}, {"name": "web", "formats": ["zip"], "file_lists": ["web", "all"], "description": "web", "update": false, "dlc": true, "hidden": true}], "archives": [["archive", ["all"]]], "documentation_patterns": ["*.html", "*.txt"], "base_patterns": [["*.py", null], ["*.sh", null], ["*.app/", null], ["*.dll", null], ["*.manifest", null], ["lib/", null], ["renpy/", null], ["update/", null], ["common/", null], ["update/", null], ["old-game/", null], ["icon.ico", null], ["icon.icns", null], ["project.json", null], ["log.txt", null], ["errors.txt", null], ["traceback.txt", null], ["image_cache.txt", null], ["text_overflow.txt", null], ["dialogue.txt", null], ["dialogue.tab", null], ["profile_screen.txt", null], ["files.txt", null], ["memory.txt", null], ["tmp/", null], ["game/saves/", null], ["game/bytecode.rpyb", null], ["archived/", null], ["launcherinfo.py", null], ["android.txt", null], ["game/presplash*.*", ["all"]], [".android.json", ["android"]], ["android-*.png", ["android"]], ["android-*.jpg", ["android"]], ["ouya_icon.png", null], ["ios-presplash.*", ["ios"]], ["ios-launchimage.png", null], ["ios-icon.png", null], ["web-presplash.png", ["web"]], ["web-presplash.jpg", ["web"]], ["web-presplash.webp", ["web"]], ["progressive_download.txt", ["web"]], ["steam_appid.txt", null], ["**~", null], ["**.bak", null], ["**/.**", null], ["**/#**", null], ["**/thumbs.db", null], [".*", null], ["**", ["all"]]], "renpy_patterns": [["renpy/common/_compat/**", null], ["renpy/common/_roundrect/**", null], ["renpy/common/_outline/**", null], ["renpy/common/_theme**", null], ["lib/**/_ssl.*", null], ["renpy/**__pycache__/**.cpython-39.pyc", ["all"]], ["renpy/**__pycache__", ["all"]], ["**~", null], ["**/#*", null], ["**/.*", null], ["**.old", null], ["**.new", null], ["**.rpa", null], ["**/steam_appid.txt", null], ["renpy.py", ["all"]], ["renpy/", ["all"]], ["renpy/**.py", ["renpy"]], ["renpy/**.pxd", null], ["renpy/**.pxi", null], ["renpy/**.pyx", null], ["renpy/**.pyc", null], ["renpy/**.pyo", null], ["renpy/common/", ["all"]], ["renpy/common/_compat/**", ["renpy"]], ["renpy/common/**.rpy", ["renpy"]], ["renpy/common/**.rpym", ["renpy"]], ["renpy/common/_compat/**", ["renpy"]], ["renpy/common/**", ["all"]], ["renpy/**", ["all"]], ["lib/*/renpy", null], ["lib/*/renpy.exe", null], ["lib/*/pythonw.exe", null], ["lib/py2-*/", null], ["lib/py*-windows-i686/**", ["windows_i686"]], ["lib/py*-windows-x86_64/**", ["windows"]], ["lib/py*-linux-i686/**", ["linux_i686"]], ["lib/py*-linux-aarch64/**", ["linux_arm"]], ["lib/py*-linux-armv7l/**", ["linux_arm"]], ["lib/py*-linux-*/**", ["linux"]], ["lib/py*-mac-*/**", ["mac"]], ["lib/python2.*/**", null], ["lib/**", ["windows", "linux", "mac", "android", "ios"]], ["renpy.sh", ["linux", "mac"]]], "xbit_patterns": ["**.sh", "lib/py*-linux-*/*", "lib/py*-mac-*/*", "**.app/Contents/MacOS/*"], "version": "1.0", "display_name": "5 Nuances de JV", "exclude_empty_directories": true, "allow_integrated_gpu": true, "renpy": false, "script_version": true, "destination": "5NuancesdeJV-1.0-dists", "mac_info_plist": {}, "merge": [["linux_i686", "linux"], ["windows_i686", "windows"]], "include_i686": true, "change_icon_i686": true, "android_permissions": [], "_sdk_fonts": false}}